id,user_id,skill_id,level
1,1,1,2
2,1,2,2
3,1,3,5
4,1,6,2
5,1,8,4
6,1,11,2
7,1,18,2
8,1,20,3
9,2,1,3
10,2,3,5
11,2,4,4
12,2,5,4
13,2,10,2
14,2,18,3
15,2,20,4
16,3,1,5
17,3,4,3
18,3,5,4
19,3,17,3
20,3,20,5
21,4,5,3
22,4,7,4
23,4,8,3
24,4,9,2
25,4,10,5
26,4,20,2
27,5,1,2
28,5,10,3
29,5,11,5
30,5,12,4
31,5,16,3
32,5,19,3
33,5,20,4
34,6,2,2
35,6,14,3
36,6,15,4
37,6,16,4
38,6,19,2
39,7,1,4
40,7,5,2
41,7,14,4
42,7,15,5
43,7,16,5
44,7,20,4
45,8,3,3
46,8,4,3
47,8,5,4
48,8,6,3
49,8,11,4
50,8,13,3
51,8,17,4
52,8,20,3
53,9,6,3
54,9,7,3
55,9,8,5
56,9,9,4
57,9,10,3
58,9,16,1
59,9,20,4
60,10,10,5
61,10,11,4
62,10,12,4
63,10,20,2
64,11,1,4
65,11,2,3
66,11,5,4
67,11,8,1
68,11,19,3
69,11,20,4
70,12,11,3
71,12,12,2
72,12,14,5
73,12,16,2
74,12,20,4
75,13,1,4
76,13,2,2
77,13,4,4
78,13,13,4
79,13,20,3
80,14,1,3
81,14,5,5
82,14,10,1
83,14,15,2
84,14,18,3
85,14,19,4
86,14,20,3
87,15,6,3
88,15,7,3
89,15,10,3
90,15,11,3
91,15,12,3
92,15,19,2
93,15,20,2
94,16,1,5
95,16,9,2
96,16,13,4
97,16,14,1
98,16,15,4
99,16,20,4
100,17,4,2
101,17,10,1
102,17,11,5
103,17,12,3
104,17,17,2
105,17,19,5
106,17,20,3
107,18,3,1
108,18,4,2
109,18,6,3
110,18,7,4
111,18,8,2
112,18,9,3
113,18,10,3
114,18,19,1
115,18,20,2
116,19,2,3
117,19,11,3
118,19,12,1
119,19,15,1
120,19,19,1
121,19,20,2
122,20,3,5
123,20,6,3
124,20,8,3
125,20,9,2
126,21,3,3
127,21,11,4
128,21,12,3
129,21,13,3
130,21,15,2
131,21,19,1
132,21,20,3
133,22,11,3
134,22,12,5
135,22,14,1
136,22,15,2
137,22,18,1
138,22,20,5
139,23,1,2
140,23,5,2
141,23,8,1
142,23,18,4
143,24,1,3
144,24,2,3
145,24,4,4
146,24,5,4
147,24,20,3
148,25,2,5
149,25,4,5
150,25,5,5
151,25,9,3
152,25,17,3
153,25,18,3
154,25,19,5
155,25,20,5
156,26,5,4
157,26,6,5
158,26,7,4
159,26,8,5
160,26,9,4
161,26,10,2
162,26,20,3
163,27,2,2
164,27,6,4
165,27,7,1
166,27,8,1
167,27,9,4
168,27,20,4
169,28,3,5
170,28,4,5
171,28,7,1
172,28,18,5
173,28,19,3
174,28,20,3
175,29,9,2
176,29,10,3
177,29,11,2
178,29,12,5
179,29,20,3
180,30,1,3
181,30,3,5
182,30,4,4
183,30,5,3
184,30,17,2
185,30,20,3
186,31,3,2
187,31,4,4
188,31,5,3
189,31,6,4
190,31,12,2
191,31,15,3
192,31,16,1
193,31,17,1
194,31,18,5
195,31,19,5
196,32,3,1
197,32,5,2
198,32,11,3
199,32,12,4
200,32,20,4
201,33,1,2
202,33,6,4
203,33,7,3
204,33,8,5
205,33,9,2
206,33,10,5
207,33,18,2
208,33,20,3
209,34,8,1
210,34,10,5
211,34,11,2
212,34,12,5
213,34,15,3
214,34,18,1
215,34,19,2
216,34,20,3
217,35,1,5
218,35,2,2
219,35,4,5
220,35,17,4
221,35,19,4
222,35,20,3
223,36,1,3
224,36,5,3
225,36,6,3
226,36,7,1
227,36,8,2
228,36,20,3
229,37,1,2
230,37,2,1
231,37,4,4
232,37,14,3
233,37,17,4
234,37,19,5
235,37,20,3
236,38,2,4
237,38,3,3
238,38,5,3
239,38,6,1
240,38,13,1
241,38,19,3
242,38,20,4
243,39,7,3
244,39,8,4
245,39,9,2
246,39,10,2
247,39,20,3
248,40,6,3
249,40,7,4
250,40,8,4
251,40,9,4
252,40,10,5
253,40,20,3
254,41,2,3
255,41,3,3
256,41,5,4
257,41,6,2
258,41,14,5
259,41,18,4
260,41,19,3
261,41,20,4
262,42,1,4
263,42,11,4
264,42,13,5
265,42,14,2
266,42,15,3
267,42,16,5
268,42,20,2
269,43,7,3
270,43,8,4
271,43,9,3
272,43,10,5
273,43,11,1
274,43,13,5
275,43,20,2
276,44,4,4
277,44,14,1
278,44,19,3
279,44,20,3
280,45,1,5
281,45,4,5
282,45,13,2
283,45,17,1
284,45,18,5
285,45,19,4
286,45,20,4
287,46,10,5
288,46,11,4
289,46,19,2
290,46,20,4
291,47,1,3
292,47,5,1
293,47,13,2
294,47,14,3
295,47,15,5
296,47,16,2
297,47,17,5
298,47,19,1
299,47,20,3
300,48,1,4
301,48,2,2
302,48,3,5
303,48,4,4
304,48,10,3
305,48,11,1
306,48,17,5
307,48,19,3
308,48,20,2
309,49,6,1
310,49,11,4
311,49,12,2
312,49,13,3
313,49,14,2
314,49,20,4
315,50,4,1
316,50,6,5
317,50,7,3
318,50,8,4
319,50,10,4
320,50,15,3
321,50,20,4
322,51,2,3
323,51,3,2
324,51,5,2
325,51,17,3
326,51,19,2
327,52,1,3
328,52,6,1
329,52,13,3
330,52,14,3
331,52,15,1
332,52,16,3
333,52,18,1
334,52,20,2
335,53,1,4
336,53,3,2
337,53,4,1
338,53,5,2
339,53,6,1
340,53,16,3
341,53,17,4
342,53,18,4
343,53,19,3
344,53,20,3
345,54,14,4
346,54,15,5
347,54,16,2
348,54,20,5
349,55,1,5
350,55,13,2
351,55,14,4
352,55,15,2
353,55,20,4
354,56,2,3
355,56,3,3
356,56,5,3
357,56,17,3
358,56,18,4
359,56,19,3
360,57,5,1
361,57,8,2
362,57,10,3
363,57,11,5
364,57,12,3
365,57,20,2
366,58,1,3
367,58,4,1
368,58,12,3
369,58,15,3
370,58,16,3
371,58,17,3
372,58,18,4
373,58,20,3
374,59,9,2
375,59,11,3
376,59,12,4
377,59,16,1
378,59,20,5
379,60,6,1
380,60,7,5
381,60,9,2
382,60,10,4
383,60,15,1
384,60,20,4
385,61,2,3
386,61,6,3
387,61,11,4
388,61,12,3
389,61,13,1
390,61,20,2
391,62,1,5
392,62,4,2
393,62,6,2
394,62,7,1
395,62,8,3
396,62,9,4
397,62,11,1
398,62,20,3
399,63,6,4
400,63,7,3
401,63,8,4
402,63,9,4
403,63,20,2
404,64,1,3
405,64,2,4
406,64,4,3
407,64,5,4
408,64,11,3
409,64,12,1
410,64,14,5
411,64,17,1
412,64,18,5
413,64,19,5
414,64,20,2
415,65,13,2
416,65,14,3
417,65,15,4
418,65,16,3
419,65,20,5
420,66,3,1
421,66,4,1
422,66,5,3
423,66,16,1
424,66,17,1
425,66,18,4
426,66,20,3
427,67,1,5
428,67,13,5
429,67,14,2
430,67,15,3
431,67,16,4
432,67,17,3
433,67,20,4
434,68,2,1
435,68,8,2
436,68,11,3
437,68,12,4
438,68,20,3
439,69,1,3
440,69,2,4
441,69,12,3
442,69,16,1
443,69,17,2
444,69,20,4
445,70,6,4
446,70,7,4
447,70,8,1
448,70,9,3
449,70,10,3
450,70,20,3
451,71,8,3
452,71,11,1
453,71,12,5
454,71,20,1
455,72,2,4
456,72,14,4
457,72,15,4
458,72,18,1
459,72,20,3
460,73,6,1
461,73,10,3
462,73,11,1
463,73,12,3
464,73,20,5
465,74,1,4
466,74,4,4
467,74,5,3
468,74,10,2
469,74,17,5
470,74,19,5
471,74,20,4
472,75,1,3
473,75,11,3
474,75,12,4
475,75,20,3
476,76,3,1
477,76,7,2
478,76,9,5
479,76,10,3
480,76,20,5
481,77,2,3
482,77,3,1
483,77,11,3
484,77,12,5
485,77,14,4
486,77,19,2
487,77,20,5
488,78,1,2
489,78,4,1
490,78,14,3
491,78,15,3
492,78,16,3
493,78,19,5
494,78,20,2
495,79,1,5
496,79,2,2
497,79,7,1
498,79,14,3
499,79,15,3
500,79,16,3
501,79,20,4
502,80,5,1
503,80,6,1
504,80,7,4
505,80,9,2
506,80,10,2
507,80,20,3
508,81,7,4
509,81,11,3
510,81,12,2
511,81,20,5
512,82,1,4
513,82,2,2
514,82,4,2
515,82,13,1
516,82,16,1
517,82,19,5
518,82,20,1
519,83,4,3
520,83,5,3
521,83,9,3
522,83,19,4
523,83,20,3
524,84,4,3
525,84,11,1
526,84,12,2
527,84,17,2
528,84,18,5
529,84,19,4
530,84,20,1
531,85,2,4
532,85,5,5
533,85,9,1
534,85,17,5
535,85,18,2
536,85,19,5
537,85,20,4
538,86,1,5
539,86,7,4
540,86,8,4
541,86,9,2
542,86,10,5
543,86,12,4
544,86,19,2
545,86,20,3
546,87,1,5
547,87,11,1
548,87,13,2
549,87,14,4
550,87,15,5
551,87,16,5
552,87,20,3
553,88,3,3
554,88,7,3
555,88,10,3
556,88,12,5
557,88,13,3
558,88,20,3
559,89,10,4
560,89,11,3
561,89,12,2
562,89,13,1
563,89,20,4
564,90,1,2
565,90,13,4
566,90,14,2
567,90,15,5
568,90,16,2
569,90,20,5
570,91,1,3
571,91,3,2
572,91,12,1
573,91,17,3
574,91,19,4
575,91,20,5
576,92,6,1
577,92,7,5
578,92,8,3
579,92,9,3
580,92,10,5
581,92,15,1
582,92,20,2
583,93,1,1
584,93,6,1
585,93,10,2
586,93,11,2
587,93,12,4
588,93,14,3
589,93,19,3
590,93,20,3
591,94,1,2
592,94,2,1
593,94,5,3
594,94,11,4
595,94,12,2
596,94,20,1
597,95,1,4
598,95,2,3
599,95,3,3
600,95,4,3
601,95,5,2
602,95,9,1
603,95,16,2
604,95,20,3
605,96,3,3
606,96,11,4
607,96,12,3
608,96,20,4
609,97,6,1
610,97,8,5
611,97,9,4
612,97,10,3
613,97,16,4
614,97,19,4
615,97,20,4
616,98,2,2
617,98,5,5
618,98,6,3
619,98,7,5
620,98,9,4
621,98,20,5
622,99,9,2
623,99,11,5
624,99,12,4
625,99,17,3
626,99,18,2
627,99,20,3
628,100,6,4
629,100,7,4
630,100,8,3
631,100,9,2
632,100,10,3
633,100,13,3
634,100,14,3
635,100,20,3
636,101,1,4
637,101,11,3
638,101,12,3
639,101,20,3
640,102,3,1
641,102,7,2
642,102,8,5
643,102,9,4
644,102,11,3
645,102,14,4
646,102,20,5
647,103,6,1
648,103,11,5
649,103,12,5
650,103,20,3
651,104,1,1
652,104,4,2
653,104,11,3
654,104,12,5
655,104,13,2
656,104,17,2
657,104,20,3
658,105,1,4
659,105,8,1
660,105,13,3
661,105,14,1
662,105,16,4
663,105,20,4
664,106,3,3
665,106,8,4
666,106,17,3
667,106,19,5
668,106,20,4
669,107,4,1
670,107,10,5
671,107,11,5
672,107,12,5
673,107,13,2
674,107,17,3
675,107,20,3
676,108,9,1
677,108,10,3
678,108,11,3
679,108,20,1
680,109,9,2
681,109,10,1
682,109,11,4
683,109,12,4
684,109,13,1
685,109,14,3
686,109,20,2
687,110,6,4
688,110,7,2
689,110,8,4
690,110,9,3
691,110,10,2
692,110,18,2
693,110,20,4
694,111,13,1
695,111,14,4
696,111,15,4
697,111,16,4
698,111,20,3
699,112,5,2
700,112,7,5
701,112,10,5
702,112,11,5
703,112,12,2
704,112,20,5
705,113,1,1
706,113,2,3
707,113,6,2
708,113,8,4
709,113,9,3
710,113,10,4
711,113,15,1
712,114,10,2
713,114,11,3
714,114,12,1
715,114,18,2
716,114,20,5
717,115,1,3
718,115,4,4
719,115,5,2
720,115,10,4
721,115,17,3
722,115,18,3
723,115,20,4
724,116,6,1
725,116,7,1
726,116,10,5
727,116,11,2
728,116,12,1
729,116,13,2
730,116,20,2
731,117,11,5
732,117,12,4
733,117,20,4
734,118,6,3
735,118,9,4
736,118,18,1
737,118,20,4
738,119,5,5
739,119,14,1
740,119,17,4
741,119,18,2
742,119,20,2
743,120,4,4
744,120,5,3
745,120,7,1
746,120,12,2
747,120,17,2
748,120,19,5
749,120,20,3
750,121,3,3
751,121,5,1
752,121,11,3
753,121,12,2
754,121,17,5
755,121,19,1
756,121,20,3
757,122,4,4
758,122,6,5
759,122,7,1
760,122,8,2
761,122,14,3
762,122,19,2
763,122,20,5
764,123,1,4
765,123,9,3
766,123,13,4
767,123,14,2
768,123,15,4
769,123,16,1
770,123,20,5
771,124,6,4
772,124,8,4
773,124,9,5
774,124,10,5
775,124,13,3
776,124,20,5
777,125,1,5
778,125,2,4
779,125,4,3
780,125,5,3
781,125,8,3
782,125,17,2
783,125,18,4
784,125,19,3
785,125,20,3
786,126,1,3
787,126,2,3
788,126,3,3
789,126,4,3
790,126,16,2
791,126,17,3
792,126,19,4
793,127,4,3
794,127,9,1
795,127,10,3
796,127,11,1
797,127,15,2
798,127,16,4
799,127,20,4
800,128,8,4
801,128,10,3
802,128,11,4
803,128,12,4
804,128,20,4
805,129,1,3
806,129,10,1
807,129,14,5
808,129,15,3
809,129,16,5
810,129,17,3
811,129,18,2
812,129,20,3
813,130,4,3
814,130,10,1
815,130,11,4
816,130,12,4
817,130,20,2
818,131,1,4
819,131,6,1
820,131,13,4
821,131,14,2
822,131,15,4
823,131,16,4
824,131,17,2
825,131,19,4
826,131,20,3
827,132,3,4
828,132,5,5
829,132,14,2
830,132,18,5
831,132,19,4
832,132,20,3
833,133,6,2
834,133,11,4
835,133,12,4
836,133,17,3
837,133,20,4
838,134,1,2
839,134,2,3
840,134,13,2
841,134,14,3
842,134,15,3
843,134,16,5
844,134,20,4
845,135,6,2
846,135,7,4
847,135,8,4
848,135,10,3
849,135,13,3
850,135,18,4
851,135,20,3
852,136,6,4
853,136,7,5
854,136,8,3
855,136,10,2
856,136,12,3
857,136,18,1
858,136,20,2
859,137,5,1
860,137,6,3
861,137,9,5
862,137,20,1
863,138,6,3
864,138,7,4
865,138,8,2
866,138,9,4
867,138,10,3
868,138,17,2
869,138,20,5
870,139,1,2
871,139,4,4
872,139,10,4
873,139,11,4
874,139,12,5
875,139,18,3
876,139,20,3
877,140,8,3
878,140,9,3
879,140,10,4
880,140,15,2
881,140,17,1
882,140,20,2
883,141,4,3
884,141,7,4
885,141,10,4
886,141,12,2
887,141,14,2
888,141,18,2
889,141,20,2
890,142,3,3
891,142,5,4
892,142,9,2
893,142,14,1
894,142,19,4
895,142,20,3
896,143,1,5
897,143,12,1
898,143,16,4
899,143,20,3
900,144,14,2
901,144,15,2
902,144,16,4
903,144,20,4
904,145,1,1
905,145,11,1
906,145,12,4
907,145,18,2
908,145,19,2
909,145,20,2
910,146,6,2
911,146,7,5
912,146,8,2
913,146,9,2
914,146,20,4
915,147,6,2
916,147,9,4
917,147,10,3
918,147,20,3
919,148,6,3
920,148,7,4
921,148,10,3
922,148,11,3
923,148,16,2
924,148,20,3
925,149,1,5
926,149,2,3
927,149,3,3
928,149,5,3
929,149,9,2
930,149,11,1
931,149,12,3
932,149,18,5
933,149,19,5
934,150,3,4
935,150,7,5
936,150,8,4
937,150,9,4
938,150,10,4
939,151,1,5
940,151,5,3
941,151,8,4
942,151,12,1
943,151,13,3
944,151,14,2
945,151,15,3
946,151,16,1
947,152,10,1
948,152,11,4
949,152,12,2
950,152,16,1
951,152,20,2
952,153,2,5
953,153,7,3
954,153,8,4
955,153,9,3
956,153,10,5
957,154,3,1
958,154,11,5
959,154,12,2
960,154,17,2
961,154,19,4
962,154,20,3
963,155,1,2
964,155,2,4
965,155,3,4
966,155,4,4
967,155,5,3
968,155,6,2
969,155,7,1
970,155,17,4
971,155,20,3
972,156,5,1
973,156,6,4
974,156,9,1
975,156,10,3
976,156,17,1
977,156,20,5
978,157,2,4
979,157,5,4
980,157,6,4
981,157,8,1
982,157,14,3
983,157,16,1
984,157,19,4
985,157,20,3
986,158,1,5
987,158,2,4
988,158,4,5
989,158,5,3
990,158,6,3
991,158,16,1
992,158,18,4
993,158,19,5
994,158,20,3
995,159,3,4
996,159,8,3
997,159,12,3
998,159,13,3
999,159,16,1
1000,159,18,2
1001,159,20,3
1002,160,1,4
1003,160,2,2
1004,160,5,1
1005,160,18,4
1006,160,19,4
1007,160,20,3
1008,161,9,2
1009,161,11,4
1010,161,12,5
1011,161,14,2
1012,161,18,1
1013,161,20,4
1014,162,1,4
1015,162,4,5
1016,162,5,1
1017,162,8,2
1018,162,13,4
1019,162,14,4
1020,162,15,4
1021,162,16,4
1022,162,20,1
1023,163,1,4
1024,163,2,4
1025,163,3,5
1026,163,4,3
1027,163,5,4
1028,163,8,1
1029,163,12,5
1030,163,18,1
1031,163,19,4
1032,163,20,2
1033,164,1,4
1034,164,6,2
1035,164,13,4
1036,164,14,5
1037,164,15,2
1038,164,16,3
1039,164,20,3
1040,165,1,3
1041,165,12,4
1042,165,13,2
1043,165,14,5
1044,165,15,3
1045,165,16,3
1046,165,18,1
1047,165,19,1
1048,165,20,3
1049,166,9,3
1050,166,11,5
1051,166,12,4
1052,166,18,3
1053,166,19,3
1054,166,20,5
1055,167,10,4
1056,167,11,5
1057,167,12,4
1058,167,13,1
1059,167,20,3
1060,168,6,4
1061,168,7,5
1062,168,8,1
1063,168,10,5
1064,168,13,2
1065,168,20,3
1066,169,6,2
1067,169,7,5
1068,169,8,5
1069,169,9,3
1070,169,20,4
1071,170,6,3
1072,170,9,3
1073,170,16,4
1074,170,20,5
1075,171,2,3
1076,171,11,3
1077,171,12,4
1078,171,17,2
1079,171,20,3
1080,172,1,3
1081,172,11,3
1082,172,12,2
1083,172,20,3
1084,173,2,3
1085,173,3,3
1086,173,4,4
1087,173,5,3
1088,173,6,2
1089,173,12,2
1090,173,16,2
1091,173,20,5
1092,174,1,4
1093,174,5,1
1094,174,7,2
1095,174,13,5
1096,174,14,5
1097,174,16,3
1098,174,19,3
1099,174,20,4
1100,175,1,4
1101,175,7,2
1102,175,13,4
1103,175,14,3
1104,175,15,3
1105,175,16,3
1106,175,20,4
1107,176,10,4
1108,176,11,3
1109,176,12,5
1110,176,19,1
1111,176,20,3
1112,177,6,3
1113,177,7,4
1114,177,8,3
1115,177,9,5
1116,177,10,1
1117,177,11,2
1118,177,20,3
1119,178,7,3
1120,178,8,2
1121,178,9,1
1122,178,10,4
1123,178,15,3
1124,178,17,5
1125,178,19,3
1126,178,20,2
1127,179,1,2
1128,179,2,5
1129,179,6,2
1130,179,9,4
1131,179,10,2
1132,179,13,4
1133,179,18,2
1134,179,20,2
1135,180,1,3
1136,180,2,4
1137,180,10,3
1138,180,11,3
1139,180,12,5
1140,180,20,4
1141,181,2,5
1142,181,5,3
1143,181,10,1
1144,181,14,1
1145,181,17,3
1146,181,19,3
1147,181,20,2
1148,182,1,1
1149,182,6,4
1150,182,7,4
1151,182,10,4
1152,182,16,3
1153,182,18,2
1154,182,20,2
1155,183,2,4
1156,183,4,3
1157,183,5,4
1158,183,14,3
1159,183,17,4
1160,183,18,3
1161,183,19,4
1162,183,20,3
1163,184,4,1
1164,184,11,4
1165,184,12,2
1166,184,15,1
1167,184,19,1
1168,184,20,3
1169,185,1,1
1170,185,3,1
1171,185,5,2
1172,185,8,3
1173,185,11,3
1174,185,12,3
1175,185,20,4
1176,186,3,1
1177,186,6,4
1178,186,11,4
1179,186,12,5
1180,186,16,1
1181,186,18,3
1182,186,20,3
1183,187,1,4
1184,187,2,2
1185,187,6,1
1186,187,11,2
1187,187,13,3
1188,187,14,3
1189,187,15,1
1190,187,16,4
1191,187,20,5
1192,188,1,4
1193,188,4,1
1194,188,13,1
1195,188,14,4
1196,188,15,3
1197,188,19,3
1198,188,20,3
1199,189,2,3
1200,189,12,3
1201,189,13,4
1202,189,15,2
1203,189,20,2
1204,190,2,2
1205,190,5,2
1206,190,9,1
1207,190,10,4
1208,190,11,2
1209,190,12,2
1210,190,20,3
1211,191,9,2
1212,191,10,3
1213,191,11,3
1214,191,12,4
1215,191,18,4
1216,191,20,4
1217,192,5,3
1218,192,6,3
1219,192,7,4
1220,192,8,2
1221,192,9,3
1222,192,10,1
1223,192,16,4
1224,192,17,1
1225,192,20,5
1226,193,1,3
1227,193,2,3
1228,193,9,1
1229,193,13,5
1230,193,15,2
1231,193,16,3
1232,193,17,4
1233,193,20,1
1234,194,14,3
1235,194,15,1
1236,194,16,1
1237,194,20,3
1238,195,6,2
1239,195,10,4
1240,195,11,4
1241,195,12,4
1242,195,19,2
1243,195,20,4
1244,196,6,5
1245,196,7,3
1246,196,8,4
1247,196,9,5
1248,196,10,3
1249,196,11,1
1250,196,12,2
1251,196,18,2
1252,196,19,2
1253,196,20,4
1254,197,6,2
1255,197,8,5
1256,197,9,1
1257,197,10,5
1258,197,17,1
1259,197,20,3
1260,198,1,5
1261,198,3,3
1262,198,4,3
1263,198,9,2
1264,198,12,2
1265,198,18,4
1266,198,20,2
1267,199,14,4
1268,199,15,1
1269,199,20,4
1270,200,1,3
1271,200,4,3
1272,200,8,1
1273,200,11,3
1274,200,12,3
1275,200,14,2
1276,200,20,3
1277,201,1,3
1278,201,8,3
1279,201,13,2
1280,201,15,3
1281,201,20,3
1282,202,5,2
1283,202,7,4
1284,202,8,2
1285,202,9,4
1286,202,10,4
1287,202,16,1
1288,202,20,1
1289,203,7,2
1290,203,11,4
1291,203,12,4
1292,203,20,2
1293,204,7,1
1294,204,10,4
1295,204,11,2
1296,204,12,4
1297,204,20,3
1298,205,1,2
1299,205,6,4
1300,205,8,2
1301,205,9,4
1302,205,15,3
1303,205,16,2
1304,205,20,4
1305,206,1,2
1306,206,2,4
1307,206,5,3
1308,206,6,2
1309,206,10,5
1310,206,17,1
1311,206,18,4
1312,206,20,4
1313,207,4,4
1314,207,6,3
1315,207,7,2
1316,207,8,3
1317,207,9,3
1318,207,11,4
1319,207,16,1
1320,207,17,1
1321,207,20,3
1322,208,8,5
1323,208,10,5
1324,208,11,3
1325,208,12,1
1326,208,20,3
1327,209,1,3
1328,209,2,4
1329,209,3,5
1330,209,4,4
1331,209,5,3
1332,209,13,2
1333,209,18,3
1334,209,20,3
1335,210,5,3
1336,210,6,5
1337,210,7,5
1338,210,8,3
1339,210,9,5
1340,210,10,4
1341,210,20,4
1342,211,1,4
1343,211,6,3
1344,211,8,3
1345,211,9,3
1346,211,10,5
1347,211,11,4
1348,211,20,5
1349,212,1,4
1350,212,2,2
1351,212,3,1
1352,212,4,1
1353,212,8,3
1354,212,17,2
1355,212,19,5
1356,212,20,3
1357,213,2,4
1358,213,3,1
1359,213,4,3
1360,213,14,2
1361,213,18,4
1362,213,19,5
1363,213,20,4
1364,214,2,3
1365,214,8,4
1366,214,11,4
1367,214,12,3
1368,214,13,4
1369,214,14,2
1370,214,20,3
1371,215,1,3
1372,215,8,2
1373,215,15,4
1374,215,16,4
1375,215,20,3
1376,216,6,3
1377,216,7,4
1378,216,8,1
1379,216,9,3
1380,216,10,2
1381,216,15,4
1382,216,20,3
1383,217,1,2
1384,217,6,5
1385,217,7,5
1386,217,10,5
1387,217,15,1
1388,217,20,3
1389,218,3,3
1390,218,6,5
1391,218,9,4
1392,218,10,2
1393,218,13,2
1394,218,17,1
1395,218,20,2
1396,219,2,2
1397,219,11,4
1398,219,12,5
1399,219,14,1
1400,219,20,2
1401,220,1,1
1402,220,6,4
1403,220,7,3
1404,220,8,3
1405,220,10,4
1406,220,16,1
1407,220,18,4
1408,220,20,3
1409,221,1,5
1410,221,2,4
1411,221,3,5
1412,221,5,3
1413,221,20,5
1414,222,6,2
1415,222,7,3
1416,222,9,4
1417,222,18,4
1418,222,19,1
1419,222,20,3
1420,223,2,3
1421,223,4,3
1422,223,5,4
1423,223,9,3
1424,223,11,1
1425,223,18,4
1426,223,20,4
1427,224,8,5
1428,224,9,4
1429,224,10,3
1430,224,12,3
1431,224,17,2
1432,224,20,4
1433,225,4,1
1434,225,6,3
1435,225,7,4
1436,225,8,2
1437,225,14,3
1438,225,18,3
1439,225,20,3
1440,226,11,3
1441,226,12,4
1442,226,20,4
1443,227,2,1
1444,227,5,2
1445,227,7,5
1446,227,8,5
1447,227,16,2
1448,227,20,4
1449,228,1,2
1450,228,5,4
1451,228,18,4
1452,228,19,5
1453,228,20,3
1454,229,1,2
1455,229,13,2
1456,229,14,4
1457,229,19,2
1458,229,20,5
1459,230,6,5
1460,230,8,3
1461,230,9,3
1462,230,12,1
1463,230,15,2
1464,230,20,1
1465,231,7,4
1466,231,11,4
1467,231,12,3
1468,231,20,4
1469,232,1,2
1470,232,4,1
1471,232,10,5
1472,232,11,5
1473,232,12,3
1474,232,13,4
1475,232,17,1
1476,232,20,4
1477,233,6,3
1478,233,8,4
1479,233,9,4
1480,233,10,3
1481,233,20,2
1482,234,1,4
1483,234,2,2
1484,234,5,3
1485,234,9,4
1486,234,10,2
1487,234,19,1
1488,234,20,1
1489,235,6,2
1490,235,10,4
1491,235,11,4
1492,235,12,4
1493,235,15,2
1494,235,19,5
1495,235,20,4
1496,236,5,4
1497,236,6,4
1498,236,7,5
1499,236,8,3
1500,236,9,4
1501,236,10,4
1502,236,16,3
1503,236,19,4
1504,236,20,3
1505,237,1,3
1506,237,2,3
1507,237,5,4
1508,237,6,1
1509,237,10,2
1510,237,12,1
1511,237,19,3
1512,237,20,3
1513,238,3,3
1514,238,7,2
1515,238,11,4
1516,238,12,4
1517,238,14,1
1518,238,20,4
1519,239,2,2
1520,239,4,5
1521,239,5,1
1522,239,15,1
1523,239,18,4
1524,239,19,4
1525,239,20,3
1526,240,1,3
1527,240,2,4
1528,240,5,3
1529,240,15,1
1530,240,18,5
1531,240,19,3
1532,240,20,4
1533,241,1,5
1534,241,2,5
1535,241,5,1
1536,241,10,2
1537,241,12,5
1538,241,14,2
1539,241,15,3
1540,241,16,1
1541,241,20,3
1542,242,2,5
1543,242,4,3
1544,242,5,3
1545,242,7,1
1546,242,13,4
1547,242,17,2
1548,242,18,1
1549,242,19,4
1550,242,20,2
1551,243,6,2
1552,243,11,4
1553,243,12,3
1554,243,14,2
1555,243,15,1
1556,243,20,4
1557,244,3,1
1558,244,4,3
1559,244,6,5
1560,244,7,5
1561,244,8,4
1562,244,9,3
1563,244,10,1
1564,244,12,4
1565,244,16,1
1566,244,20,3
1567,245,11,3
1568,245,12,5
1569,245,16,2
1570,245,20,3
1571,246,2,3
1572,246,9,2
1573,246,11,4
1574,246,12,4
1575,246,19,1
1576,246,20,4
1577,247,9,1
1578,247,11,4
1579,247,12,3
1580,247,20,3
1581,248,6,2
1582,248,8,3
1583,248,9,4
1584,248,13,3
1585,248,16,2
1586,248,20,2
1587,249,6,4
1588,249,7,3
1589,249,9,4
1590,249,10,4
1591,249,19,1
1592,249,20,2
1593,250,5,4
1594,250,6,1
1595,250,7,5
1596,250,8,3
1597,250,9,4
1598,250,10,5
1599,250,16,3
1600,250,17,1
1601,250,20,5
1602,251,7,4
1603,251,8,3
1604,251,9,4
1605,251,10,4
1606,251,20,4
1607,252,1,4
1608,252,11,1
1609,252,12,2
1610,252,20,2
1611,253,1,3
1612,253,11,1
1613,253,12,4
1614,253,20,5
1615,254,6,4
1616,254,9,2
1617,254,10,2
1618,254,13,1
1619,254,19,1
1620,254,20,4
1621,255,3,3
1622,255,5,1
1623,255,6,2
1624,255,9,5
1625,255,18,3
1626,255,19,4
1627,255,20,2
1628,256,4,1
1629,256,5,3
1630,256,10,5
1631,256,11,4
1632,256,14,1
1633,256,18,1
1634,256,20,4
1635,257,1,4
1636,257,2,3
1637,257,4,5
1638,257,5,3
1639,257,9,2
1640,257,11,4
1641,257,13,3
1642,257,19,4
1643,257,20,4
1644,258,1,1
1645,258,10,5
1646,258,11,3
1647,258,13,2
1648,258,18,5
1649,258,19,3
1650,258,20,5
1651,259,1,5
1652,259,10,3
1653,259,13,3
1654,259,14,2
1655,259,16,4
1656,259,20,4
1657,260,1,1
1658,260,13,4
1659,260,14,3
1660,260,16,3
1661,260,20,5
1662,261,10,2
1663,261,11,4
1664,261,12,4
1665,261,13,2
1666,261,20,4
1667,262,1,2
1668,262,11,5
1669,262,12,1
1670,262,16,3
1671,262,20,2
1672,263,3,4
1673,263,6,2
1674,263,8,3
1675,263,10,4
1676,263,19,1
1677,263,20,4
1678,264,7,3
1679,264,11,4
1680,264,12,3
1681,264,20,2
1682,265,2,1
1683,265,5,4
1684,265,8,3
1685,265,11,4
1686,265,12,1
1687,265,19,2
1688,265,20,1
1689,266,5,2
1690,266,6,3
1691,266,7,5
1692,266,8,4
1693,266,9,1
1694,266,10,2
1695,266,20,3
1696,267,4,5
1697,267,7,5
1698,267,11,4
1699,267,12,5
1700,267,20,5
1701,268,5,3
1702,268,10,5
1703,268,11,3
1704,268,12,2
1705,268,20,4
1706,269,2,1
1707,269,6,1
1708,269,8,3
1709,269,10,2
1710,269,11,1
1711,269,15,2
1712,269,20,1
1713,270,4,1
1714,270,8,1
1715,270,11,2
1716,270,13,2
1717,270,14,5
1718,270,15,1
1719,270,20,4
1720,271,5,2
1721,271,6,1
1722,271,10,3
1723,271,12,3
1724,271,13,2
1725,271,20,1
1726,272,6,5
1727,272,7,4
1728,272,8,4
1729,272,11,3
1730,272,14,3
1731,273,1,3
1732,273,4,4
1733,273,7,3
1734,273,15,1
1735,273,16,2
1736,273,19,4
1737,273,20,5
1738,274,1,3
1739,274,14,2
1740,274,18,4
1741,274,19,5
1742,274,20,3
1743,275,10,1
1744,275,11,5
1745,275,12,1
1746,275,20,4
1747,276,1,5
1748,276,4,1
1749,276,6,4
1750,276,12,2
1751,276,15,1
1752,276,18,3
1753,276,19,3
1754,277,1,3
1755,277,2,3
1756,277,4,2
1757,277,13,2
1758,277,14,4
1759,277,15,1
1760,277,20,4
1761,278,2,3
1762,278,3,3
1763,278,5,4
1764,278,7,1
1765,278,8,1
1766,278,11,2
1767,278,17,3
1768,278,19,3
1769,278,20,2
1770,279,1,3
1771,279,3,5
1772,279,6,1
1773,279,13,1
1774,279,17,4
1775,279,18,3
1776,279,19,5
1777,279,20,3
1778,280,5,3
1779,280,12,3
1780,280,16,1
1781,280,17,2
1782,280,18,1
1783,280,20,4
1784,281,3,2
1785,281,5,3
1786,281,10,2
1787,281,15,5
1788,281,17,4
1789,281,18,1
1790,281,19,3
1791,281,20,3
1792,282,6,2
1793,282,7,5
1794,282,8,4
1795,282,10,3
1796,283,1,3
1797,283,3,2
1798,283,4,3
1799,283,5,5
1800,283,12,2
1801,283,15,2
1802,283,17,2
1803,283,20,3
1804,284,5,2
1805,284,6,2
1806,284,7,3
1807,284,8,1
1808,284,9,4
1809,284,15,1
1810,284,19,1
1811,284,20,4
1812,285,6,2
1813,285,7,5
1814,285,8,3
1815,285,9,1
1816,285,17,2
1817,285,19,2
1818,285,20,4
1819,286,11,3
1820,286,12,4
1821,286,20,3
1822,287,3,3
1823,287,7,2
1824,287,10,3
1825,287,11,2
1826,287,12,4
1827,287,15,4
1828,287,18,3
1829,287,20,3
1830,288,3,2
1831,288,4,3
1832,288,13,4
1833,288,19,3
1834,288,20,4
1835,289,7,5
1836,289,9,3
1837,289,10,4
1838,289,20,3
1839,290,4,2
1840,290,6,4
1841,290,7,3
1842,290,8,2
1843,290,10,3
1844,290,14,5
1845,290,20,1
1846,291,1,4
1847,291,4,1
1848,291,10,1
1849,291,11,3
1850,291,12,5
1851,291,17,1
1852,291,20,2
1853,292,1,2
1854,292,13,4
1855,292,14,4
1856,292,15,4
1857,292,17,1
1858,292,20,3
1859,293,1,2
1860,293,5,2
1861,293,7,3
1862,293,8,3
1863,293,9,5
1864,293,10,2
1865,293,20,2
1866,294,4,4
1867,294,6,5
1868,294,7,3
1869,294,10,3
1870,294,20,3
1871,295,6,2
1872,295,7,4
1873,295,8,4
1874,295,9,3
1875,295,10,2
1876,295,20,5
1877,296,2,1
1878,296,4,3
1879,296,7,3
1880,296,11,3
1881,296,12,5
1882,296,14,1
1883,296,20,3
1884,297,2,1
1885,297,5,2
1886,297,6,3
1887,297,12,1
1888,297,20,4
1889,298,1,2
1890,298,3,2
1891,298,4,3
1892,298,5,5
1893,298,17,3
1894,298,18,5
1895,298,20,2
1896,299,4,1
1897,299,11,3
1898,299,12,3
1899,299,15,1
1900,299,20,2
1901,300,2,4
1902,300,4,4
1903,300,12,1
1904,300,16,2
1905,300,17,2
1906,300,20,3
